<?xml version = "1.0" encoding = "utf-8"?>
<!DOCTYPE hibernate-mapping PUBLIC 
"-//Hibernate/Hibernate Mapping DTD//EN"
"http://www.hibernate.org/dtd/hibernate-mapping-3.0.dtd"> 


<hibernate-mapping>
<class name="com.demo.pojo.Student" table="studenthiber">
<id name="id" type="int" column="id" >
 <generator class="native"></generator>
</id>

<property name="studname"   column="studentname"  type="string"></property>
<property name="age"  column="age"  type="string"></property>
</class>
</hibernate-mapping>





