<?xml version="1.0" encoding="UTF-8"?>
<beans xmlns="http://www.springframework.org/schema/beans"
	xmlns:xsi="http://www.w3.org/2001/XMLSchema-instance"
	xmlns:p="http://www.springframework.org/schema/p"
	xsi:schemaLocation="http://www.springframework.org/schema/beans   
http://www.springframework.org/schema/beans/spring-beans-3.0.xsd">


<bean id="collectiondemo"  class="com.demo.JavaCollections">



<property  name="addressList">

<list>
<value>mango</value>
<value>apple</value>
<value>banana</value>
</list>
</property>




<property  name="addressSet">

<set>

<value>mango</value>
<value>apple</value>
<value>banana</value>
</set>
</property>


<property  name="addressMap">

<map>
<!-- add value here -->

<entry key="1" value="ram"/>
<entry key="2" value="tom"/>
</map>
</property>


<property  name="addressproperties">

<props>
<!-- add value here -->


<prop key="one">MP</prop>
<prop key="two">delhi</prop>
</props>
</property>





</bean>
</beans>

